Time,Moment_My_N-m,Curvature_phi_y_rad/m
3.179180e+04,-1.032420e-16,-4.471330e+03
6.358340e+04,-2.111730e-16,-8.942630e+03
9.537460e+04,-2.810620e-16,-1.341390e+04
1.271660e+05,-2.887470e-16,-1.788510e+04
1.589560e+05,-3.082100e-16,-2.235620e+04
1.907460e+05,-3.113090e-16,-2.682720e+04
2.225350e+05,-3.067740e-16,-3.129820e+04
2.543240e+05,-3.119760e-16,-3.576910e+04
2.861110e+05,-3.172380e-16,-4.023990e+04
3.178980e+05,-2.900160e-16,-4.471050e+04
3.496840e+05,-3.084390e-16,-4.918110e+04
3.814690e+05,-3.118280e-16,-5.365150e+04
4.132530e+05,-3.105190e-16,-5.812180e+04
4.450360e+05,-2.984380e-16,-6.259200e+04
4.767760e+05,-3.091510e-16,-6.707030e+04
5.084470e+05,-3.170200e-16,-7.156160e+04
5.400390e+05,-3.290540e-16,-7.595710e+04
5.712360e+05,-3.208240e-16,-8.034850e+04
6.023840e+05,-3.268820e-16,-8.474830e+04
6.332780e+05,-3.326310e-16,-8.904220e+04
6.638480e+05,-3.502350e-16,-9.333490e+04
6.939710e+05,-3.089660e-16,-9.764540e+04
7.236990e+05,-3.602150e-16,-1.016830e+05
7.531730e+05,-3.411730e-16,-1.056770e+05
7.822190e+05,-3.545840e-16,-1.096380e+05
8.108070e+05,-3.445770e-16,-1.135930e+05
8.383950e+05,-3.514540e-16,-1.172990e+05
8.656510e+05,-3.398990e-16,-1.209660e+05
8.926480e+05,-3.923330e-16,-1.245300e+05
9.194090e+05,-3.844190e-16,-1.280870e+05
9.457900e+05,-3.837120e-16,-1.316220e+05
9.714740e+05,-3.584710e-16,-1.351420e+05
9.964060e+05,-3.542640e-16,-1.384930e+05
1.021100e+06,-3.987450e-16,-1.418120e+05
1.045380e+06,-3.752060e-16,-1.450400e+05
1.069450e+06,-4.292980e-16,-1.481320e+05
1.093200e+06,-3.925970e-16,-1.512310e+05
1.116520e+06,-3.800510e-16,-1.543210e+05
1.139640e+06,-3.855800e-16,-1.574290e+05
1.162630e+06,-3.923230e-16,-1.605400e+05
1.185070e+06,-3.749630e-16,-1.635270e+05
1.206750e+06,-3.789450e-16,-1.663200e+05
1.228270e+06,-3.839080e-16,-1.690740e+05
1.249660e+06,-3.655650e-16,-1.718260e+05
1.270880e+06,-3.634270e-16,-1.745710e+05
1.291980e+06,-4.012190e-16,-1.773130e+05
1.312750e+06,-3.893340e-16,-1.800600e+05
1.333290e+06,-4.000060e-16,-1.827990e+05
1.353490e+06,-3.990910e-16,-1.854860e+05
1.373510e+06,-4.014500e-16,-1.881570e+05
1.393240e+06,-4.097920e-16,-1.907230e+05
1.412770e+06,-3.980250e-16,-1.932730e+05
1.432080e+06,-3.734610e-16,-1.957390e+05
1.451250e+06,-3.729420e-16,-1.981630e+05
1.470280e+06,-3.848420e-16,-2.005920e+05
1.489180e+06,-3.803050e-16,-2.029980e+05
1.508000e+06,-3.821550e-16,-2.054000e+05
1.526720e+06,-3.744810e-16,-2.078010e+05
1.545230e+06,-3.616880e-16,-2.102080e+05
1.563530e+06,-3.368850e-16,-2.125910e+05
1.581680e+06,-3.261060e-16,-2.149580e+05
1.599730e+06,-3.078070e-16,-2.173180e+05
1.617630e+06,-2.863750e-16,-2.196780e+05
1.635300e+06,-2.635270e-16,-2.219670e+05
1.652920e+06,-2.542770e-16,-2.242500e+05
1.670430e+06,-2.468110e-16,-2.265410e+05
1.687870e+06,-2.395020e-16,-2.288280e+05
1.705250e+06,-2.296840e-16,-2.311080e+05
1.722500e+06,-2.266030e-16,-2.333780e+05
1.739640e+06,-2.043690e-16,-2.356350e+05
1.756740e+06,-1.664510e-16,-2.378920e+05
1.773810e+06,-1.341420e-16,-2.401490e+05
1.790830e+06,-1.091110e-16,-2.423930e+05
1.807740e+06,-1.003830e-16,-2.445690e+05
1.824570e+06,-9.535530e-17,-2.467390e+05
1.841290e+06,-9.716130e-17,-2.489080e+05
1.857950e+06,-8.895800e-17,-2.510820e+05
1.874510e+06,-1.004150e-16,-2.532590e+05
1.891030e+06,-9.488640e-17,-2.554300e+05
1.907510e+06,-9.865410e-17,-2.576000e+05
1.923940e+06,-9.242110e-17,-2.597660e+05
1.940290e+06,-9.214540e-17,-2.619210e+05
1.956590e+06,-9.118640e-17,-2.640730e+05
1.972800e+06,-9.430410e-17,-2.662130e+05
1.988890e+06,-8.996850e-17,-2.683060e+05
2.004940e+06,-8.585910e-17,-2.703870e+05
2.020920e+06,-8.565000e-17,-2.724610e+05
2.036800e+06,-8.474870e-17,-2.745270e+05
2.052640e+06,-8.220260e-17,-2.765890e+05
2.068410e+06,-8.123490e-17,-2.786540e+05
2.084150e+06,-7.731300e-17,-2.807170e+05
2.099860e+06,-8.025300e-17,-2.827790e+05
2.115490e+06,-8.013330e-17,-2.848410e+05
2.131070e+06,-7.813310e-17,-2.869050e+05
2.146610e+06,-7.753520e-17,-2.889670e+05
2.162080e+06,-7.773070e-17,-2.910300e+05
2.177490e+06,-7.382830e-17,-2.930870e+05
2.192820e+06,-7.630990e-17,-2.951340e+05
2.208070e+06,-7.654500e-17,-2.971710e+05
2.223240e+06,-7.689810e-17,-2.991970e+05
2.238380e+06,-7.271900e-17,-3.012230e+05
2.253440e+06,-7.352240e-17,-3.032460e+05
2.268410e+06,-6.798770e-17,-3.052430e+05
2.283360e+06,-5.197260e-17,-3.072370e+05
2.298280e+06,-3.792430e-17,-3.092290e+05
2.313190e+06,-3.206580e-17,-3.112180e+05
2.328080e+06,-2.645390e-17,-3.132080e+05
2.342930e+06,-2.577400e-17,-3.151990e+05
2.357730e+06,-2.013570e-17,-3.171860e+05
2.372500e+06,-1.842650e-17,-3.191760e+05
2.387270e+06,-1.499350e-17,-3.211660e+05
2.402000e+06,-1.602690e-17,-3.231530e+05
2.416720e+06,-1.487770e-17,-3.251380e+05
2.431400e+06,-1.497360e-17,-3.271180e+05
2.446050e+06,-8.581650e-18,-3.290970e+05
2.460670e+06,-1.068260e-17,-3.310740e+05
2.475260e+06,-5.502570e-18,-3.330330e+05
2.489780e+06,-8.318280e-18,-3.349740e+05
2.504260e+06,-6.035080e-18,-3.369110e+05
2.518720e+06,-7.115400e-18,-3.388460e+05
2.533160e+06,-3.280570e-18,-3.407790e+05
2.547560e+06,-5.584520e-18,-3.427130e+05
2.561940e+06,-3.774400e-18,-3.446460e+05
2.576280e+06,-5.447820e-18,-3.465740e+05
2.590600e+06,-2.123710e-18,-3.484960e+05
2.604870e+06,-8.487910e-19,-3.504030e+05
2.619080e+06,1.565470e-18,-3.522880e+05
2.633270e+06,-3.934160e-18,-3.541670e+05
2.647440e+06,-2.217000e-18,-3.560440e+05
2.661600e+06,3.520930e-20,-3.579200e+05
2.675720e+06,-2.409620e-19,-3.597930e+05
2.689790e+06,-2.010760e-18,-3.616650e+05
2.703830e+06,-2.251340e-18,-3.635320e+05
2.717840e+06,-3.328750e-18,-3.653980e+05
2.731830e+06,-2.478740e-18,-3.672610e+05
2.745790e+06,-9.274190e-19,-3.691220e+05
2.759720e+06,-4.064400e-19,-3.709810e+05
2.773620e+06,-2.800000e-18,-3.728370e+05
2.787500e+06,-8.996210e-19,-3.746910e+05
2.801360e+06,-2.975830e-18,-3.765420e+05
2.815170e+06,-6.419150e-19,-3.783890e+05
2.828950e+06,-2.554540e-19,-3.802370e+05
2.842700e+06,2.271030e-18,-3.820830e+05
2.856420e+06,3.298740e-18,-3.839280e+05
2.870120e+06,4.784910e-18,-3.857730e+05
2.883800e+06,3.527720e-18,-3.876160e+05
2.897450e+06,7.825690e-18,-3.894570e+05
2.911070e+06,4.559480e-18,-3.913000e+05
2.924670e+06,5.069770e-18,-3.931420e+05
2.938240e+06,5.241790e-18,-3.949810e+05
2.951790e+06,8.079760e-18,-3.968180e+05
2.965310e+06,6.927080e-18,-3.986520e+05
2.978800e+06,1.023800e-17,-4.004830e+05
2.992260e+06,7.471790e-18,-4.023010e+05
3.005680e+06,1.123910e-17,-4.041160e+05
3.019070e+06,9.437050e-18,-4.059270e+05
3.032430e+06,1.142340e-17,-4.077360e+05
3.045750e+06,8.405150e-18,-4.095450e+05
3.059060e+06,1.009310e-17,-4.113530e+05
3.072320e+06,8.794560e-18,-4.131570e+05
3.085550e+06,1.150480e-17,-4.149570e+05
3.098750e+06,1.077390e-17,-4.167540e+05
3.111920e+06,1.176590e-17,-4.185500e+05
3.125060e+06,8.755640e-18,-4.203460e+05
3.138180e+06,1.127870e-17,-4.221400e+05
3.151270e+06,9.021110e-18,-4.239330e+05
3.164320e+06,1.011270e-17,-4.257270e+05
3.177340e+06,1.341910e-17,-4.275200e+05
3.190330e+06,1.345400e-17,-4.293060e+05
3.203290e+06,1.416160e-17,-4.310850e+05
3.216220e+06,1.387740e-17,-4.328630e+05
3.229100e+06,1.548160e-17,-4.346420e+05
3.241940e+06,1.534640e-17,-4.364200e+05
3.254740e+06,1.573610e-17,-4.381970e+05
3.267500e+06,1.611730e-17,-4.399730e+05
3.280210e+06,1.938290e-17,-4.417470e+05
3.292880e+06,2.334140e-17,-4.435210e+05
3.305500e+06,1.932500e-17,-4.452940e+05
3.318070e+06,2.130080e-17,-4.470660e+05
3.330600e+06,2.036390e-17,-4.488370e+05
3.343060e+06,2.306190e-17,-4.506050e+05
3.355480e+06,2.693800e-17,-4.523720e+05
3.367840e+06,2.582560e-17,-4.541390e+05
3.380150e+06,2.852670e-17,-4.559020e+05
3.392400e+06,2.870200e-17,-4.576620e+05
3.404600e+06,3.069020e-17,-4.594180e+05
3.416740e+06,3.632810e-17,-4.611660e+05
3.428810e+06,3.699830e-17,-4.629050e+05
3.440840e+06,4.021660e-17,-4.646330e+05
3.452810e+06,4.225760e-17,-4.663450e+05
3.464720e+06,4.633740e-17,-4.680500e+05
3.476580e+06,4.529460e-17,-4.697450e+05
3.488380e+06,4.956610e-17,-4.714270e+05
3.500130e+06,5.146880e-17,-4.730960e+05
3.511820e+06,5.219140e-17,-4.747500e+05
3.523460e+06,5.169240e-17,-4.763880e+05
3.535040e+06,5.779440e-17,-4.780100e+05
3.546570e+06,5.819610e-17,-4.796130e+05
3.558040e+06,6.050470e-17,-4.811920e+05
3.569450e+06,5.825450e-17,-4.827520e+05
3.580800e+06,5.588080e-17,-4.842950e+05
3.592070e+06,5.699720e-17,-4.858180e+05
3.603250e+06,5.803720e-17,-4.873230e+05
3.614360e+06,5.852230e-17,-4.888070e+05
3.625370e+06,6.765440e-17,-4.902550e+05
3.636290e+06,6.840470e-17,-4.916780e+05
3.647120e+06,6.916590e-17,-4.930820e+05
3.657860e+06,7.084600e-17,-4.944670e+05
3.668510e+06,7.241470e-17,-4.958360e+05
3.679070e+06,7.403770e-17,-4.971910e+05
3.689540e+06,7.668410e-17,-4.985350e+05
3.699900e+06,7.755530e-17,-4.998690e+05
3.710160e+06,7.962080e-17,-5.011950e+05
3.720320e+06,1.030850e-16,-5.025150e+05
3.730380e+06,1.198540e-16,-5.038290e+05
3.740340e+06,1.304050e-16,-5.051380e+05
3.750210e+06,1.389000e-16,-5.064430e+05
3.759990e+06,1.501260e-16,-5.077440e+05
3.769680e+06,1.586930e-16,-5.090390e+05
3.779300e+06,1.654600e-16,-5.103270e+05
3.788840e+06,1.740870e-16,-5.116080e+05
3.798320e+06,1.790950e-16,-5.128800e+05
3.807730e+06,1.861080e-16,-5.141400e+05
3.817070e+06,1.912030e-16,-5.153880e+05
3.826340e+06,1.965480e-16,-5.166200e+05
3.835550e+06,2.035160e-16,-5.178360e+05
3.844690e+06,2.079510e-16,-5.190320e+05
3.853760e+06,2.117510e-16,-5.202050e+05
3.862760e+06,2.118090e-16,-5.213520e+05
3.871690e+06,2.101650e-16,-5.224690e+05
3.880530e+06,2.115720e-16,-5.235550e+05
3.889300e+06,2.122870e-16,-5.246040e+05
3.897980e+06,2.094380e-16,-5.256160e+05
3.906570e+06,2.014210e-16,-5.265890e+05
3.915050e+06,1.957450e-16,-5.275250e+05
3.923450e+06,1.877960e-16,-5.284230e+05
3.931750e+06,1.816070e-16,-5.292860e+05
3.939970e+06,1.769370e-16,-5.301160e+05
3.948100e+06,1.708720e-16,-5.309180e+05
3.956140e+06,1.629630e-16,-5.316960e+05
3.964080e+06,1.511500e-16,-5.324560e+05
3.971940e+06,1.307600e-16,-5.332000e+05
3.979720e+06,1.170590e-16,-5.339300e+05
3.987410e+06,1.003290e-16,-5.346500e+05
3.995030e+06,8.637400e-17,-5.353600e+05
4.002570e+06,7.421530e-17,-5.360630e+05
4.010040e+06,6.005750e-17,-5.367600e+05
4.017400e+06,4.669620e-17,-5.374540e+05
4.024670e+06,3.174190e-17,-5.381460e+05
4.031870e+06,1.972500e-17,-5.388340e+05
4.039000e+06,6.410190e-18,-5.395180e+05
4.046050e+06,-4.489250e-18,-5.401960e+05
4.053050e+06,-1.872310e-17,-5.408730e+05
4.059990e+06,-3.148880e-17,-5.415470e+05
4.066860e+06,-4.159900e-17,-5.422180e+05
4.073660e+06,-5.389350e-17,-5.428870e+05
4.050610e+06,3.304120e-16,-5.449030e+05
4.057960e+06,3.934780e-16,-5.456050e+05
4.064780e+06,4.299530e-16,-5.462890e+05
4.071210e+06,4.538360e-16,-5.469550e+05
4.077500e+06,4.808310e-16,-5.476170e+05
4.083720e+06,5.095540e-16,-5.482740e+05
4.089880e+06,5.396160e-16,-5.489270e+05
4.095960e+06,5.719310e-16,-5.495770e+05
4.101980e+06,6.043930e-16,-5.502200e+05
4.107920e+06,6.386720e-16,-5.508580e+05
4.113790e+06,6.734370e-16,-5.514890e+05
4.119590e+06,7.092710e-16,-5.521110e+05
4.125310e+06,7.433780e-16,-5.527250e+05
4.130950e+06,7.858520e-16,-5.533270e+05
4.136490e+06,8.281660e-16,-5.539170e+05
4.078470e+06,6.806650e-16,-5.566920e+05
4.085720e+06,4.325360e-17,-5.571710e+05
4.091940e+06,-8.117160e-16,-5.575990e+05
4.097540e+06,-9.231030e-16,-5.579770e+05
4.102980e+06,-1.059060e-15,-5.583130e+05
4.108240e+06,-1.204070e-15,-5.586060e+05
4.113190e+06,-1.401400e-15,-5.588630e+05
4.117860e+06,-1.536410e-15,-5.590880e+05
4.122310e+06,-1.649810e-15,-5.592820e+05
4.064790e+06,8.958700e-16,-5.374430e+05
4.070870e+06,1.263480e-15,-5.374910e+05
4.075910e+06,1.285140e-15,-5.375140e+05
4.080340e+06,1.355750e-15,-5.375010e+05
4.084640e+06,1.405470e-15,-5.374640e+05
4.088800e+06,1.551250e-15,-5.373980e+05
4.092870e+06,1.613460e-15,-5.373140e+05
4.096840e+06,1.679000e-15,-5.372180e+05
4.100690e+06,1.751090e-15,-5.371120e+05
4.104480e+06,1.826830e-15,-5.369970e+05
4.108220e+06,1.898680e-15,-5.368730e+05
4.111900e+06,1.974330e-15,-5.367410e+05
4.115530e+06,2.047320e-15,-5.366020e+05
4.119130e+06,2.141030e-15,-5.364570e+05
4.122680e+06,2.228590e-15,-5.363060e+05
4.126190e+06,2.305850e-15,-5.361510e+05
4.129660e+06,2.381420e-15,-5.359900e+05
4.133100e+06,2.474190e-15,-5.358240e+05
4.136510e+06,2.548990e-15,-5.356550e+05
4.139890e+06,2.628950e-15,-5.354810e+05
4.065180e+06,8.420940e-16,-5.149010e+05
4.072160e+06,-1.886590e-16,-5.151840e+05
4.077510e+06,-9.754100e-16,-5.151580e+05
4.081980e+06,-1.078550e-15,-5.151350e+05
4.086220e+06,-1.193070e-15,-5.150980e+05
4.090360e+06,-1.216000e-15,-5.150350e+05
4.094440e+06,-1.195900e-15,-5.149700e+05
4.098450e+06,-1.155090e-15,-5.149030e+05
4.102370e+06,-1.102510e-15,-5.148360e+05
4.106210e+06,-1.040960e-15,-5.147680e+05
4.109970e+06,-9.697810e-16,-5.146990e+05
4.113640e+06,-8.975480e-16,-5.146280e+05
4.117250e+06,-8.241640e-16,-5.145560e+05
4.120830e+06,-7.487740e-16,-5.144840e+05
4.124370e+06,-6.701430e-16,-5.144110e+05
4.127860e+06,-5.936330e-16,-5.143360e+05
4.131320e+06,-5.169180e-16,-5.142610e+05
4.134720e+06,-4.770270e-16,-5.141810e+05
4.138060e+06,-4.154030e-16,-5.140970e+05
4.141320e+06,-3.688980e-16,-5.140110e+05
4.144500e+06,-3.315530e-16,-5.139240e+05
4.147580e+06,-2.866150e-16,-5.138360e+05
4.150590e+06,-2.263920e-16,-5.137470e+05
4.153510e+06,-1.598030e-16,-5.136560e+05
4.156380e+06,-1.541280e-16,-5.135640e+05
4.159180e+06,-7.315550e-17,-5.134650e+05
4.161930e+06,-1.024130e-17,-5.133660e+05
4.164630e+06,6.552240e-17,-5.132660e+05
4.167270e+06,1.453230e-16,-5.131650e+05
4.169860e+06,2.205830e-16,-5.130630e+05
4.172390e+06,2.960430e-16,-5.129620e+05
4.174870e+06,3.755930e-16,-5.128600e+05
4.177280e+06,4.513260e-16,-5.127590e+05
4.179630e+06,5.255730e-16,-5.126570e+05
3.990020e+06,-8.092850e-17,-5.034960e+05
4.000280e+06,-9.309080e-17,-5.052730e+05
4.010490e+06,4.113630e-16,-5.070470e+05
4.020490e+06,5.632230e-16,-5.088330e+05
4.029180e+06,5.129540e-16,-5.107710e+05
3.978790e+06,9.356760e-16,-5.054490e+05
3.987530e+06,8.908760e-16,-5.073870e+05
3.995470e+06,8.496470e-16,-5.094140e+05
4.003150e+06,8.503980e-16,-5.113950e+05
4.009420e+06,7.960500e-16,-5.131220e+05
4.013500e+06,8.288670e-16,-5.137600e+05
4.016430e+06,8.364280e-16,-5.136990e+05
4.019290e+06,8.119290e-16,-5.136110e+05
4.022010e+06,8.045230e-16,-5.135170e+05
4.024730e+06,7.929430e-16,-5.134200e+05
4.027420e+06,7.929730e-16,-5.133230e+05
4.030090e+06,7.917230e-16,-5.132260e+05
4.032730e+06,7.960320e-16,-5.131290e+05
4.035350e+06,8.060200e-16,-5.130320e+05
4.037930e+06,8.159230e-16,-5.129350e+05
4.040480e+06,8.181520e-16,-5.128390e+05
4.042990e+06,8.293610e-16,-5.127440e+05
4.045460e+06,8.441490e-16,-5.126480e+05
4.047870e+06,8.578390e-16,-5.125530e+05
4.050220e+06,8.727900e-16,-5.124590e+05
4.052470e+06,8.978500e-16,-5.123650e+05
4.054650e+06,9.135590e-16,-5.122710e+05
4.056740e+06,9.399540e-16,-5.121780e+05
3.958660e+06,8.702280e-16,-5.068430e+05
3.967930e+06,3.207790e-16,-5.085360e+05
3.976580e+06,1.030430e-16,-5.103090e+05
3.983170e+06,-2.690770e-16,-5.121330e+05
3.986380e+06,-9.219890e-16,-5.126160e+05
3.988640e+06,-8.919030e-16,-5.125280e+05
3.990700e+06,-8.498870e-16,-5.124340e+05
3.974270e+06,1.256550e-16,-4.952310e+05
3.977520e+06,2.805740e-16,-4.959960e+05
3.980270e+06,6.251920e-16,-4.964600e+05
3.982670e+06,7.416610e-16,-4.966730e+05
3.984940e+06,8.487770e-16,-4.968770e+05
3.963080e+06,9.604750e-16,-4.973930e+05
3.966840e+06,8.340200e-16,-4.975920e+05
3.969200e+06,6.986680e-16,-4.977760e+05
3.971480e+06,5.789680e-16,-4.979540e+05
3.973630e+06,4.688550e-16,-4.981170e+05
3.975730e+06,3.687850e-16,-4.982770e+05
3.977770e+06,2.861910e-16,-4.984320e+05
3.979760e+06,2.243140e-16,-4.985780e+05
3.981630e+06,1.983090e-16,-4.986990e+05
3.983240e+06,1.744620e-16,-4.987640e+05
3.984700e+06,1.349430e-16,-4.987720e+05
3.986070e+06,7.762900e-17,-4.987590e+05
3.987380e+06,1.096260e-17,-4.987410e+05
3.988650e+06,-4.312120e-17,-4.987220e+05
3.989890e+06,-9.724850e-17,-4.987020e+05
3.969420e+06,2.200030e-16,-4.987350e+05
3.972240e+06,1.403240e-16,-4.986900e+05
3.974450e+06,7.758900e-17,-4.986510e+05
3.976370e+06,4.762020e-17,-4.986120e+05
3.978190e+06,3.137570e-17,-4.985750e+05
3.979950e+06,1.500150e-17,-4.985380e+05
3.981590e+06,1.817420e-17,-4.985020e+05
3.982890e+06,3.848100e-17,-4.984660e+05
3.984100e+06,4.475280e-17,-4.984300e+05
3.985260e+06,5.351970e-17,-4.983950e+05
3.986400e+06,5.969820e-17,-4.983590e+05
3.987500e+06,7.092210e-17,-4.983240e+05
3.988570e+06,7.641120e-17,-4.982890e+05
3.989620e+06,8.027150e-17,-4.982530e+05
3.990640e+06,8.776600e-17,-4.982180e+05
3.991630e+06,9.154450e-17,-4.981840e+05
3.992600e+06,9.720930e-17,-4.981490e+05
3.993540e+06,1.020600e-16,-4.981140e+05
3.994440e+06,1.043360e-16,-4.980790e+05
3.995320e+06,1.105010e-16,-4.980450e+05
3.996170e+06,1.086090e-16,-4.980100e+05
3.996980e+06,1.141240e-16,-4.979760e+05
3.997760e+06,1.186120e-16,-4.979420e+05
3.998490e+06,1.201750e-16,-4.979080e+05
3.999180e+06,1.318650e-16,-4.978740e+05
3.901840e+06,6.121480e-16,-4.931540e+05
3.910320e+06,2.951470e-16,-4.948000e+05
3.918630e+06,-2.514950e-17,-4.964680e+05
3.924340e+06,-4.596100e-16,-4.979980e+05
3.927190e+06,-1.145620e-15,-4.982960e+05
3.929100e+06,-2.217920e-15,-4.982700e+05
3.930800e+06,-2.537790e-15,-4.982290e+05
3.932450e+06,-2.837490e-15,-4.981880e+05
3.934030e+06,-3.117470e-15,-4.981470e+05
3.935500e+06,-3.380520e-15,-4.981080e+05
3.936910e+06,-3.619990e-15,-4.980680e+05
3.938250e+06,-3.847910e-15,-4.980290e+05
3.939490e+06,-4.068210e-15,-4.979910e+05
3.940680e+06,-4.276570e-15,-4.979530e+05
3.941790e+06,-4.456100e-15,-4.979160e+05
3.942860e+06,-4.638210e-15,-4.978780e+05
3.943870e+06,-4.817720e-15,-4.978420e+05
3.944760e+06,-4.974430e-15,-4.978050e+05
3.945360e+06,-5.309260e-15,-4.977680e+05
3.945830e+06,-5.592670e-15,-4.977320e+05
3.946260e+06,-5.836420e-15,-4.976960e+05
3.946650e+06,-6.026800e-15,-4.976600e+05
3.947000e+06,-6.201390e-15,-4.976240e+05
3.947330e+06,-6.362020e-15,-4.975880e+05
3.922570e+06,-2.308680e-15,-4.975430e+05
3.927530e+06,1.326500e-15,-4.974990e+05
3.929830e+06,1.737560e-15,-4.974630e+05
3.931220e+06,9.380190e-16,-4.974270e+05
3.932570e+06,1.191100e-16,-4.973920e+05
3.933880e+06,-3.293370e-16,-4.973580e+05
3.935170e+06,-5.247120e-16,-4.973230e+05
3.936450e+06,-7.446240e-16,-4.972880e+05
3.937720e+06,-9.005120e-16,-4.972540e+05
3.938990e+06,-1.019540e-15,-4.972200e+05
3.940240e+06,-1.113780e-15,-4.971860e+05
3.941450e+06,-1.188550e-15,-4.971520e+05
3.942620e+06,-1.249910e-15,-4.971180e+05
3.943760e+06,-1.265430e-15,-4.970840e+05
3.944780e+06,-1.217460e-15,-4.970500e+05
3.945670e+06,-1.169320e-15,-4.970170e+05
3.946510e+06,-1.161230e-15,-4.969830e+05
3.947310e+06,-1.169510e-15,-4.969500e+05
3.948100e+06,-1.177900e-15,-4.969170e+05
3.948890e+06,-1.183300e-15,-4.968840e+05
3.949670e+06,-1.185630e-15,-4.968510e+05
3.950440e+06,-1.194210e-15,-4.968190e+05
3.951210e+06,-1.192840e-15,-4.967860e+05
3.951980e+06,-1.191260e-15,-4.967540e+05
3.952740e+06,-1.194960e-15,-4.967220e+05
3.953500e+06,-1.187240e-15,-4.966900e+05
3.954260e+06,-1.188020e-15,-4.966590e+05
3.955020e+06,-1.189890e-15,-4.966270e+05
3.955770e+06,-1.184940e-15,-4.965960e+05
3.956520e+06,-1.181350e-15,-4.965650e+05
3.957260e+06,-1.177750e-15,-4.965340e+05
3.958000e+06,-1.172890e-15,-4.965030e+05
3.958740e+06,-1.163790e-15,-4.964720e+05
3.959480e+06,-1.153580e-15,-4.964420e+05
3.960210e+06,-1.150780e-15,-4.964120e+05
3.960950e+06,-1.140770e-15,-4.963820e+05
3.961680e+06,-1.130370e-15,-4.963520e+05
3.962410e+06,-1.128950e-15,-4.963220e+05
3.963140e+06,-1.115390e-15,-4.962920e+05
3.910180e+06,1.527620e-15,-4.964440e+05
3.916720e+06,1.341750e-15,-4.963900e+05
3.922760e+06,4.059770e-16,-4.963380e+05
3.926360e+06,-8.642390e-16,-4.962910e+05
3.928250e+06,-1.638590e-15,-4.962510e+05
3.929740e+06,-1.952570e-15,-4.962140e+05
3.930830e+06,-2.223570e-15,-4.961800e+05
3.931770e+06,-2.456000e-15,-4.961490e+05
3.932640e+06,-2.664690e-15,-4.961180e+05
3.933490e+06,-2.858450e-15,-4.960870e+05
3.934310e+06,-3.026020e-15,-4.960570e+05
3.935120e+06,-3.184560e-15,-4.960270e+05
3.935920e+06,-3.333690e-15,-4.959970e+05
3.936720e+06,-3.472990e-15,-4.959680e+05
3.937510e+06,-3.606480e-15,-4.959390e+05
3.938290e+06,-3.726200e-15,-4.959110e+05
3.939070e+06,-3.851940e-15,-4.958830e+05
3.939820e+06,-3.954050e-15,-4.958560e+05
3.940580e+06,-4.047910e-15,-4.958290e+05
3.941320e+06,-4.146310e-15,-4.958030e+05
3.942070e+06,-4.237870e-15,-4.957770e+05
3.942810e+06,-4.330580e-15,-4.957510e+05
3.943550e+06,-4.409860e-15,-4.957250e+05
3.944280e+06,-4.487940e-15,-4.957000e+05
3.945010e+06,-4.569390e-15,-4.956750e+05
3.945730e+06,-4.656730e-15,-4.956500e+05
3.946460e+06,-4.723580e-15,-4.956260e+05
3.947180e+06,-4.799790e-15,-4.956020e+05
3.947910e+06,-4.877450e-15,-4.955780e+05
3.948630e+06,-4.958810e-15,-4.955550e+05
3.949350e+06,-5.039140e-15,-4.955320e+05
3.950080e+06,-5.117040e-15,-4.955090e+05
3.950800e+06,-5.192200e-15,-4.954860e+05
3.951510e+06,-5.264870e-15,-4.954640e+05
3.952210e+06,-5.352580e-15,-4.954430e+05
3.952890e+06,-5.414180e-15,-4.954220e+05
3.953560e+06,-5.477830e-15,-4.954010e+05
3.954220e+06,-5.551770e-15,-4.953810e+05
3.954890e+06,-5.620620e-15,-4.953610e+05
3.955550e+06,-5.695460e-15,-4.953410e+05
3.956200e+06,-5.769690e-15,-4.953220e+05
3.956850e+06,-5.845440e-15,-4.953030e+05
3.957480e+06,-5.916130e-15,-4.952850e+05
3.958110e+06,-5.990060e-15,-4.952670e+05
3.926450e+06,-3.576820e-15,-4.930950e+05
3.930700e+06,-2.408200e-15,-4.950270e+05
3.921470e+06,-1.691390e-15,-4.955210e+05
3.923240e+06,-1.770800e-15,-4.955140e+05
3.892640e+06,2.021900e-16,-4.955120e+05
3.897260e+06,7.463570e-16,-4.954890e+05
3.899520e+06,1.396530e-15,-4.954690e+05
3.901190e+06,1.589230e-15,-4.954500e+05
3.902840e+06,1.906060e-15,-4.954320e+05
3.904400e+06,2.115370e-15,-4.954140e+05
3.905950e+06,2.679600e-15,-4.953970e+05
3.885720e+06,2.608380e-15,-4.933590e+05
3.891150e+06,2.002270e-15,-4.951550e+05
3.892680e+06,-3.124260e-16,-4.954570e+05
3.893450e+06,-6.009770e-16,-4.954430e+05
3.894220e+06,-8.828440e-16,-4.954290e+05
3.894970e+06,-1.146580e-15,-4.954160e+05
3.895710e+06,-1.383520e-15,-4.954030e+05
3.896420e+06,-1.568290e-15,-4.953910e+05
3.897040e+06,-1.779710e-15,-4.953790e+05
3.897670e+06,-1.968440e-15,-4.953670e+05
3.898270e+06,-2.117990e-15,-4.953560e+05
3.898860e+06,-2.257220e-15,-4.953460e+05
3.899440e+06,-2.383820e-15,-4.953360e+05
3.900000e+06,-2.499480e-15,-4.953260e+05
3.870570e+06,-1.925010e-15,-4.704830e+05
3.873720e+06,-1.266520e-15,-4.713470e+05
3.875270e+06,-1.031860e-15,-4.720530e+05
3.857500e+06,-3.002860e-16,-4.720990e+05
3.860520e+06,-2.315570e-16,-4.721190e+05
3.861750e+06,-4.299150e-16,-4.721260e+05
3.862750e+06,-6.201240e-16,-4.721250e+05
3.863620e+06,-8.118850e-16,-4.721210e+05
3.864450e+06,-9.456380e-16,-4.721140e+05
3.865250e+06,-1.079570e-15,-4.721040e+05
3.866040e+06,-1.195680e-15,-4.720910e+05
3.866800e+06,-1.303820e-15,-4.720760e+05
3.867540e+06,-1.401590e-15,-4.720590e+05
3.868820e+06,-1.194840e-15,-4.725210e+05
3.870170e+06,-1.260160e-15,-4.730450e+05
3.871470e+06,-1.322980e-15,-4.735660e+05
3.853150e+06,-1.425460e-15,-4.719720e+05
3.858070e+06,-1.288090e-15,-4.736290e+05
3.859700e+06,-1.194530e-15,-4.741400e+05
3.861080e+06,-1.122640e-15,-4.746500e+05
3.862490e+06,-1.040280e-15,-4.751550e+05
3.863820e+06,-9.296460e-16,-4.756500e+05
3.864800e+06,-5.497590e-16,-4.759800e+05
3.865510e+06,-3.961190e-16,-4.760770e+05
3.866150e+06,-2.865130e-16,-4.761600e+05
3.866730e+06,-1.792060e-16,-4.762440e+05
3.867290e+06,-8.418460e-17,-4.763290e+05
3.867830e+06,1.466590e-17,-4.764130e+05
3.868350e+06,1.071420e-16,-4.764980e+05
3.868860e+06,2.134560e-16,-4.765830e+05
3.869340e+06,2.985780e-16,-4.766690e+05
3.869810e+06,3.240070e-16,-4.767550e+05
3.870250e+06,3.987600e-16,-4.768380e+05
3.870680e+06,4.743290e-16,-4.769210e+05
3.871100e+06,5.439650e-16,-4.770040e+05
3.871500e+06,6.162550e-16,-4.770870e+05
3.871890e+06,6.831610e-16,-4.771660e+05
3.872260e+06,7.450820e-16,-4.772470e+05
3.872620e+06,8.076780e-16,-4.773270e+05
3.872970e+06,8.671310e-16,-4.774080e+05
3.873300e+06,9.287330e-16,-4.774890e+05
3.816190e+06,9.761320e-16,-4.779620e+05
3.820430e+06,-1.244140e-15,-4.780350e+05
3.823500e+06,-1.624200e-15,-4.781040e+05
3.825890e+06,-1.514690e-15,-4.781710e+05
3.827760e+06,-1.177660e-15,-4.782420e+05
3.829110e+06,-1.016300e-15,-4.783200e+05
3.830330e+06,-9.573620e-16,-4.783990e+05
3.831580e+06,-9.057310e-16,-4.784770e+05
3.832820e+06,-8.611960e-16,-4.785560e+05
3.834060e+06,-8.246350e-16,-4.786350e+05
3.835280e+06,-7.856310e-16,-4.787130e+05
3.836470e+06,-7.592550e-16,-4.787920e+05
3.837640e+06,-7.403220e-16,-4.788700e+05
3.838750e+06,-7.525430e-16,-4.789490e+05
3.839700e+06,-8.066520e-16,-4.790280e+05
3.840380e+06,-8.294270e-16,-4.791090e+05
3.840980e+06,-8.172070e-16,-4.791900e+05
3.841530e+06,-8.004380e-16,-4.792710e+05
3.842070e+06,-7.891330e-16,-4.793520e+05
3.842600e+06,-7.728600e-16,-4.794330e+05
3.843120e+06,-7.555130e-16,-4.795120e+05
3.843640e+06,-7.456300e-16,-4.795900e+05
3.844160e+06,-7.377200e-16,-4.796690e+05
3.844670e+06,-7.288900e-16,-4.797480e+05
3.845160e+06,-7.219110e-16,-4.798240e+05
3.845660e+06,-7.136710e-16,-4.799010e+05
3.846150e+06,-7.107250e-16,-4.799780e+05
3.846640e+06,-7.055710e-16,-4.800550e+05
3.847120e+06,-6.987130e-16,-4.801320e+05
3.847580e+06,-6.936440e-16,-4.802080e+05
3.848040e+06,-6.919800e-16,-4.802850e+05
3.848480e+06,-6.845350e-16,-4.803610e+05
3.848910e+06,-6.856600e-16,-4.804370e+05
3.849310e+06,-6.806180e-16,-4.805130e+05
3.849700e+06,-6.787540e-16,-4.805890e+05
3.850070e+06,-6.707380e-16,-4.806640e+05
3.850430e+06,-6.736080e-16,-4.807390e+05
3.619670e+06,-1.287390e-15,-4.765420e+05
3.628890e+06,-1.145990e-15,-4.783440e+05
3.637680e+06,-4.214410e-16,-4.796410e+05
3.645660e+06,-1.182790e-16,-4.808260e+05
3.652110e+06,1.190370e-16,-4.813440e+05
3.657650e+06,1.740120e-16,-4.814140e+05
3.663030e+06,1.706950e-16,-4.814750e+05
3.659140e+06,2.311730e-16,-4.815800e+05
3.664660e+06,2.584630e-16,-4.816370e+05
3.670130e+06,2.573680e-16,-4.816940e+05
3.675520e+06,2.466660e-16,-4.817500e+05
3.680880e+06,2.438170e-16,-4.818070e+05
3.686120e+06,2.459420e-16,-4.818630e+05
3.690970e+06,3.181770e-16,-4.819220e+05
3.694520e+06,4.279910e-16,-4.819900e+05
3.697360e+06,4.713820e-16,-4.820610e+05
3.611720e+06,-2.032100e-17,-4.813870e+05
3.619020e+06,-8.682780e-16,-4.822840e+05
3.624400e+06,-1.152770e-15,-4.823480e+05
3.629600e+06,-1.212060e-15,-4.824040e+05
3.634770e+06,-1.265500e-15,-4.824600e+05
3.639280e+06,-1.738300e-15,-4.825190e+05
3.642140e+06,-1.786390e-15,-4.825890e+05
3.644830e+06,-1.703760e-15,-4.826570e+05
3.647790e+06,-1.735790e-15,-4.827230e+05
3.650210e+06,-1.738520e-15,-4.827860e+05
3.652410e+06,-1.748660e-15,-4.828480e+05
3.654460e+06,-1.764240e-15,-4.829090e+05
3.656480e+06,-1.783280e-15,-4.829690e+05
3.658490e+06,-1.796990e-15,-4.830290e+05
3.660480e+06,-1.811560e-15,-4.830890e+05
3.662410e+06,-1.826020e-15,-4.831480e+05
3.664260e+06,-1.838770e-15,-4.832070e+05
3.665990e+06,-1.845750e-15,-4.832650e+05
3.667630e+06,-1.854110e-15,-4.833230e+05
3.669120e+06,-1.857430e-15,-4.833800e+05
3.670450e+06,-1.859510e-15,-4.834370e+05
3.671650e+06,-1.864340e-15,-4.834930e+05
3.672780e+06,-1.861240e-15,-4.835480e+05
3.673860e+06,-1.860760e-15,-4.836020e+05
3.674920e+06,-1.861100e-15,-4.836560e+05
3.675940e+06,-1.861720e-15,-4.837090e+05
3.676940e+06,-1.869460e-15,-4.837610e+05
3.677910e+06,-1.868380e-15,-4.838110e+05
3.678870e+06,-1.865990e-15,-4.838590e+05
3.679800e+06,-1.864830e-15,-4.839050e+05
3.680710e+06,-1.865730e-15,-4.839470e+05
3.681580e+06,-1.855050e-15,-4.839830e+05
3.666080e+06,-1.767080e-15,-4.824690e+05
3.671280e+06,-1.355750e-15,-4.840010e+05
3.672210e+06,-7.653940e-16,-4.840620e+05
3.672880e+06,-5.051450e-17,-4.841010e+05
3.673570e+06,1.791760e-16,-4.841120e+05
3.674170e+06,4.130310e-16,-4.841230e+05
3.674750e+06,6.542510e-16,-4.841340e+05
3.666720e+06,1.387530e-15,-4.841700e+05
3.667600e+06,1.469570e-15,-4.841800e+05
3.668380e+06,1.515980e-15,-4.841920e+05
3.668910e+06,1.534120e-15,-4.842030e+05
3.669420e+06,1.547760e-15,-4.842150e+05
3.669920e+06,1.562460e-15,-4.842270e+05
3.670390e+06,1.575430e-15,-4.842390e+05
3.670870e+06,1.589770e-15,-4.842510e+05
3.671340e+06,1.603770e-15,-4.842630e+05
3.671810e+06,1.615980e-15,-4.842760e+05
3.663020e+06,1.704110e-15,-4.753120e+05
3.663990e+06,1.726630e-15,-4.757550e+05
3.664520e+06,1.735850e-15,-4.759360e+05
3.665160e+06,1.715260e-15,-4.760290e+05
3.665680e+06,1.694540e-15,-4.761190e+05
3.666200e+06,1.671260e-15,-4.762060e+05
3.666700e+06,1.655400e-15,-4.762930e+05
3.667200e+06,1.635400e-15,-4.763790e+05
3.667680e+06,1.618380e-15,-4.764650e+05
3.668150e+06,1.606250e-15,-4.765500e+05
3.668600e+06,1.593200e-15,-4.766330e+05
3.669010e+06,1.582070e-15,-4.767140e+05
3.669390e+06,1.575680e-15,-4.767950e+05
3.669750e+06,1.566440e-15,-4.768750e+05
3.670090e+06,1.560260e-15,-4.769540e+05
3.670430e+06,1.557280e-15,-4.770330e+05
3.670760e+06,1.552820e-15,-4.771110e+05
3.671080e+06,1.543790e-15,-4.771870e+05
3.671380e+06,1.536730e-15,-4.772590e+05
3.671650e+06,1.523570e-15,-4.773200e+05
3.671900e+06,1.511300e-15,-4.773650e+05
3.672140e+06,1.504160e-15,-4.774000e+05
3.672360e+06,1.493440e-15,-4.774290e+05
3.591780e+06,1.059710e-15,-4.767480e+05
3.597780e+06,4.343080e-16,-4.776220e+05
3.602000e+06,3.048250e-17,-4.777120e+05
3.606020e+06,-5.373130e-16,-4.777720e+05
3.609930e+06,-7.485400e-16,-4.777910e+05
3.612610e+06,-1.270520e-15,-4.778130e+05
3.614080e+06,-1.705370e-15,-4.778400e+05
3.615260e+06,-1.761240e-15,-4.778660e+05
3.616430e+06,-1.818950e-15,-4.778920e+05
3.617600e+06,-1.875300e-15,-4.779180e+05
3.618740e+06,-1.918800e-15,-4.779440e+05
3.619840e+06,-1.955440e-15,-4.779700e+05
3.620850e+06,-1.987350e-15,-4.779970e+05
3.621760e+06,-2.016720e-15,-4.780240e+05
3.622560e+06,-2.031310e-15,-4.780520e+05
3.623230e+06,-2.042010e-15,-4.780790e+05
3.623800e+06,-2.050780e-15,-4.781070e+05
3.624320e+06,-2.054030e-15,-4.781360e+05
3.624800e+06,-2.059110e-15,-4.781640e+05
3.625230e+06,-2.063820e-15,-4.781920e+05
3.625630e+06,-2.066730e-15,-4.782210e+05
3.626020e+06,-2.071210e-15,-4.782500e+05
3.626380e+06,-2.078010e-15,-4.782780e+05
3.626720e+06,-2.073360e-15,-4.783070e+05
3.627050e+06,-2.072590e-15,-4.783360e+05
3.627360e+06,-2.076530e-15,-4.783650e+05
3.627650e+06,-2.077080e-15,-4.783940e+05
3.627940e+06,-2.075030e-15,-4.784230e+05
3.628210e+06,-2.068340e-15,-4.784520e+05
3.628470e+06,-2.070180e-15,-4.784820e+05
3.628730e+06,-2.068050e-15,-4.785110e+05
3.628990e+06,-2.066130e-15,-4.785410e+05
3.629230e+06,-2.067820e-15,-4.785700e+05
3.629470e+06,-2.065760e-15,-4.785990e+05
3.629700e+06,-2.058650e-15,-4.786290e+05
3.629920e+06,-2.057300e-15,-4.786590e+05
3.630160e+06,-2.053050e-15,-4.786880e+05
3.630380e+06,-2.057120e-15,-4.787180e+05
3.630600e+06,-2.048590e-15,-4.787480e+05
3.630820e+06,-2.055690e-15,-4.787780e+05
3.631040e+06,-2.050640e-15,-4.788070e+05
3.631230e+06,-2.047810e-15,-4.788370e+05
3.631420e+06,-2.051470e-15,-4.788670e+05
3.631610e+06,-2.050590e-15,-4.788980e+05
3.631770e+06,-2.045380e-15,-4.789280e+05
3.631920e+06,-2.045630e-15,-4.789580e+05
3.632050e+06,-2.047290e-15,-4.789880e+05
3.632180e+06,-2.044570e-15,-4.790190e+05
3.632290e+06,-2.046610e-15,-4.790490e+05
3.632370e+06,-2.039000e-15,-4.790790e+05
3.632440e+06,-2.049050e-15,-4.791100e+05
3.632510e+06,-2.038670e-15,-4.791410e+05
3.632560e+06,-2.041210e-15,-4.791710e+05
3.632610e+06,-2.043480e-15,-4.792020e+05
3.632630e+06,-2.038760e-15,-4.792330e+05
3.632660e+06,-2.032490e-15,-4.792640e+05
3.632680e+06,-2.034840e-15,-4.792940e+05
3.632700e+06,-2.029130e-15,-4.793250e+05
3.632700e+06,-2.028330e-15,-4.793560e+05
3.632700e+06,-2.027520e-15,-4.793870e+05
3.632710e+06,-2.030130e-15,-4.794180e+05
3.632700e+06,-2.030810e-15,-4.794500e+05
3.632690e+06,-2.024450e-15,-4.794810e+05
3.632680e+06,-2.030980e-15,-4.795120e+05
3.632680e+06,-2.030380e-15,-4.795430e+05
3.632650e+06,-2.022000e-15,-4.795740e+05
3.632650e+06,-2.020260e-15,-4.796050e+05
3.632640e+06,-2.015170e-15,-4.796370e+05
3.632630e+06,-2.011650e-15,-4.796680e+05
3.632620e+06,-2.010410e-15,-4.796990e+05
3.632600e+06,-2.006730e-15,-4.797300e+05
3.632590e+06,-2.007510e-15,-4.797610e+05
3.632580e+06,-2.010970e-15,-4.797930e+05
3.632570e+06,-2.010820e-15,-4.798240e+05
3.632540e+06,-2.010750e-15,-4.798550e+05
3.632520e+06,-2.012100e-15,-4.798870e+05
3.632500e+06,-2.009240e-15,-4.799180e+05
3.632470e+06,-2.012070e-15,-4.799490e+05
3.632430e+06,-2.016220e-15,-4.799800e+05
3.632380e+06,-2.014540e-15,-4.800120e+05
3.632330e+06,-2.015460e-15,-4.800430e+05
3.632260e+06,-2.019090e-15,-4.800740e+05
3.632190e+06,-2.025170e-15,-4.801050e+05
3.632100e+06,-2.026000e-15,-4.801370e+05
3.632010e+06,-2.022060e-15,-4.801680e+05
3.631910e+06,-2.022750e-15,-4.801990e+05
3.631800e+06,-2.024810e-15,-4.802310e+05
3.631680e+06,-2.020520e-15,-4.802620e+05
3.631560e+06,-2.024610e-15,-4.802930e+05
3.631440e+06,-2.031590e-15,-4.803240e+05
3.631310e+06,-2.033540e-15,-4.803560e+05
3.631190e+06,-2.028350e-15,-4.803870e+05
3.631060e+06,-2.032760e-15,-4.804190e+05
3.630920e+06,-2.035850e-15,-4.804500e+05
3.630790e+06,-2.035940e-15,-4.804810e+05
3.630660e+06,-2.036710e-15,-4.805130e+05
3.630520e+06,-2.041790e-15,-4.805440e+05
3.630380e+06,-2.045590e-15,-4.805760e+05
3.630240e+06,-2.049680e-15,-4.806070e+05
3.630100e+06,-2.047850e-15,-4.806380e+05
3.629960e+06,-2.050810e-15,-4.806700e+05
3.629820e+06,-2.053560e-15,-4.807010e+05
3.629670e+06,-2.054930e-15,-4.807330e+05
3.629530e+06,-2.058070e-15,-4.807640e+05
3.629380e+06,-2.061540e-15,-4.807960e+05
3.629240e+06,-2.065780e-15,-4.808270e+05
3.629090e+06,-2.066960e-15,-4.808590e+05
3.628940e+06,-2.066520e-15,-4.808900e+05
3.588500e+06,8.074790e-16,-4.810470e+05
3.573370e+06,9.301300e-16,-4.802250e+05
3.577670e+06,1.080000e-15,-4.811260e+05
3.580460e+06,1.323370e-15,-4.811840e+05
3.581820e+06,1.605200e-15,-4.812100e+05
3.583030e+06,1.712240e-15,-4.812350e+05
3.565570e+06,5.249510e-16,-4.812720e+05
3.568230e+06,-2.369900e-15,-4.812980e+05
3.569540e+06,-2.424130e-15,-4.813260e+05
3.570690e+06,-2.485290e-15,-4.813540e+05
3.571810e+06,-2.547710e-15,-4.813820e+05
3.572860e+06,-2.606920e-15,-4.814100e+05
3.573710e+06,-2.664360e-15,-4.814390e+05
3.574410e+06,-2.723570e-15,-4.814670e+05
3.575040e+06,-2.775380e-15,-4.814960e+05
3.575620e+06,-2.827330e-15,-4.815240e+05
3.576200e+06,-2.877750e-15,-4.815520e+05
3.576740e+06,-2.927650e-15,-4.815810e+05
3.577260e+06,-2.979240e-15,-4.816090e+05
3.523790e+06,-1.364000e-15,-4.813270e+05
3.528900e+06,-3.795880e-16,-4.817210e+05
3.533120e+06,-4.386260e-16,-4.817680e+05
3.536580e+06,-4.079510e-16,-4.818100e+05
3.538240e+06,4.231910e-16,-4.818570e+05
3.539560e+06,1.256770e-15,-4.818860e+05
3.540820e+06,1.436940e-15,-4.819140e+05
3.541850e+06,1.577710e-15,-4.819430e+05
3.542800e+06,1.681160e-15,-4.819710e+05
3.543500e+06,1.770210e-15,-4.820000e+05
3.525470e+06,1.797740e-15,-4.801690e+05
3.530020e+06,1.645000e-15,-4.817040e+05
3.531200e+06,1.205060e-15,-4.820610e+05
3.531880e+06,8.263570e-16,-4.821050e+05
3.532490e+06,6.643020e-16,-4.821360e+05
3.533040e+06,5.055260e-16,-4.821650e+05
3.533630e+06,3.622060e-16,-4.821950e+05
3.534050e+06,2.317000e-16,-4.822250e+05
3.534400e+06,1.088370e-16,-4.822540e+05
3.534740e+06,-1.656990e-18,-4.822830e+05
3.535060e+06,-1.063520e-16,-4.823120e+05
3.535380e+06,-2.126490e-16,-4.823420e+05
3.535680e+06,-3.136900e-16,-4.823710e+05
3.535940e+06,-4.044580e-16,-4.824000e+05
3.536180e+06,-4.962330e-16,-4.824300e+05
3.536390e+06,-5.903810e-16,-4.824590e+05
3.536590e+06,-6.834350e-16,-4.824890e+05
3.536750e+06,-7.650680e-16,-4.825190e+05
3.536890e+06,-8.516920e-16,-4.825480e+05
3.537040e+06,-9.361220e-16,-4.825780e+05
3.537170e+06,-1.018120e-15,-4.826070e+05
3.537310e+06,-1.102500e-15,-4.826370e+05
3.537430e+06,-1.180670e-15,-4.826660e+05
3.537560e+06,-1.261290e-15,-4.826960e+05
3.537670e+06,-1.344020e-15,-4.827250e+05
3.537770e+06,-1.421760e-15,-4.827550e+05
3.537860e+06,-1.503540e-15,-4.827840e+05
3.537930e+06,-1.575800e-15,-4.828140e+05
3.537990e+06,-1.654400e-15,-4.828430e+05
3.538040e+06,-1.727940e-15,-4.828730e+05
3.538090e+06,-1.802140e-15,-4.829020e+05
3.538120e+06,-1.873440e-15,-4.829320e+05
3.404770e+06,-8.441390e-16,-4.697440e+05
3.409100e+06,-1.138830e-15,-4.710260e+05
3.413370e+06,-1.678240e-15,-4.723030e+05
3.416830e+06,-1.968890e-15,-4.734700e+05
3.419390e+06,-1.958710e-15,-4.745980e+05
3.421930e+06,-1.970140e-15,-4.757230e+05
3.424440e+06,-1.996290e-15,-4.768450e+05
3.426940e+06,-2.013140e-15,-4.779650e+05
3.429420e+06,-2.041120e-15,-4.790820e+05
3.431890e+06,-2.091910e-15,-4.801930e+05
3.434320e+06,-2.153320e-15,-4.812720e+05
3.436570e+06,-2.247720e-15,-4.821260e+05
3.438250e+06,-2.330160e-15,-4.826380e+05
3.439610e+06,-2.444140e-15,-4.829520e+05
3.440450e+06,-2.608690e-15,-4.830730e+05
3.440960e+06,-2.731530e-15,-4.831090e+05
3.440470e+06,-2.766390e-15,-4.831440e+05
3.439940e+06,-2.792720e-15,-4.831790e+05
3.439460e+06,-2.817890e-15,-4.832120e+05
3.438970e+06,-2.852420e-15,-4.832450e+05
3.438480e+06,-2.889160e-15,-4.832770e+05
3.411860e+06,-2.177550e-15,-4.802870e+05
3.415150e+06,-1.941440e-15,-4.814590e+05
3.417340e+06,-1.704860e-15,-4.827610e+05
3.417900e+06,1.035890e-15,-4.833060e+05
3.417580e+06,1.266160e-15,-4.833380e+05
3.417260e+06,1.454660e-15,-4.833700e+05
3.416920e+06,1.626290e-15,-4.834000e+05
3.416580e+06,1.778130e-15,-4.834300e+05
3.416250e+06,1.912540e-15,-4.834600e+05
3.415910e+06,2.030550e-15,-4.834890e+05
3.415560e+06,2.134650e-15,-4.835170e+05
3.415220e+06,2.226010e-15,-4.835450e+05
3.414870e+06,2.314510e-15,-4.835720e+05
3.414530e+06,2.388870e-15,-4.835990e+05
3.414170e+06,2.457840e-15,-4.836250e+05
3.413810e+06,2.517440e-15,-4.836500e+05
3.413420e+06,2.572550e-15,-4.836740e+05
3.413010e+06,2.623980e-15,-4.836980e+05
3.412590e+06,2.670420e-15,-4.837220e+05
3.412160e+06,2.712250e-15,-4.837440e+05
3.411730e+06,2.751220e-15,-4.837660e+05
3.411290e+06,2.787050e-15,-4.837870e+05
3.410850e+06,2.819460e-15,-4.838080e+05
3.410410e+06,2.847660e-15,-4.838280e+05
3.409970e+06,2.882510e-15,-4.838470e+05
3.409530e+06,2.909230e-15,-4.838660e+05
3.409090e+06,2.941010e-15,-4.838840e+05
3.408640e+06,2.963140e-15,-4.839010e+05
3.408200e+06,2.986670e-15,-4.839180e+05
3.407750e+06,3.020520e-15,-4.839340e+05
3.407290e+06,3.049080e-15,-4.839490e+05
3.406840e+06,3.091080e-15,-4.839640e+05
3.406380e+06,3.138930e-15,-4.839780e+05
3.405910e+06,3.201200e-15,-4.839910e+05
3.405420e+06,3.287020e-15,-4.840030e+05
3.404920e+06,3.395840e-15,-4.840150e+05
3.404410e+06,3.519470e-15,-4.840260e+05
3.403880e+06,3.638570e-15,-4.840360e+05
3.403340e+06,3.727730e-15,-4.840460e+05
3.402780e+06,3.790050e-15,-4.840540e+05
3.402220e+06,3.844130e-15,-4.840620e+05
3.381960e+06,3.080530e-15,-4.837180e+05
3.384610e+06,2.019460e-15,-4.840570e+05
3.384000e+06,1.015260e-15,-4.487640e+05
3.346700e+06,1.538420e-15,-4.464480e+05
3.349160e+06,3.758600e-16,-4.472640e+05
3.351120e+06,-2.350150e-16,-4.480260e+05
3.351240e+06,-5.641900e-16,-4.486060e+05
3.351390e+06,-6.479830e-16,-4.491810e+05
3.351510e+06,-7.181460e-16,-4.497500e+05
3.351630e+06,-7.743280e-16,-4.503150e+05
3.351740e+06,-8.058430e-16,-4.508740e+05
3.351830e+06,-8.403200e-16,-4.514290e+05
3.351920e+06,-8.573510e-16,-4.519790e+05
3.352000e+06,-8.645870e-16,-4.525240e+05
3.352070e+06,-8.847070e-16,-4.530630e+05
3.352080e+06,-9.341340e-16,-4.535900e+05
3.352030e+06,-1.079450e-15,-4.540930e+05
3.351890e+06,-1.449070e-15,-4.545250e+05
3.351560e+06,-1.769410e-15,-4.547710e+05
3.351180e+06,-1.803930e-15,-4.548950e+05
3.350750e+06,-1.797650e-15,-4.550040e+05
3.350310e+06,-1.787160e-15,-4.551110e+05
3.349870e+06,-1.771860e-15,-4.552170e+05
3.349430e+06,-1.749910e-15,-4.553220e+05
3.348980e+06,-1.728970e-15,-4.554240e+05
3.348530e+06,-1.705840e-15,-4.555260e+05
3.348070e+06,-1.685560e-15,-4.556260e+05
3.347620e+06,-1.657800e-15,-4.557260e+05
3.347160e+06,-1.637470e-15,-4.558240e+05
3.346710e+06,-1.614430e-15,-4.559220e+05
3.346250e+06,-1.582990e-15,-4.560180e+05
3.345790e+06,-1.566010e-15,-4.561130e+05
3.345330e+06,-1.532820e-15,-4.562070e+05
3.344870e+06,-1.510040e-15,-4.562990e+05
3.344410e+06,-1.477270e-15,-4.563920e+05
3.343950e+06,-1.458240e-15,-4.564830e+05
3.343480e+06,-1.428490e-15,-4.565730e+05
3.343020e+06,-1.414130e-15,-4.566630e+05
3.342540e+06,-1.387380e-15,-4.567520e+05
3.342070e+06,-1.365930e-15,-4.568400e+05
3.341580e+06,-1.359350e-15,-4.569270e+05
3.341080e+06,-1.348630e-15,-4.570130e+05
3.340560e+06,-1.338230e-15,-4.570990e+05
3.340030e+06,-1.335120e-15,-4.571830e+05
3.339500e+06,-1.317160e-15,-4.572660e+05
3.338960e+06,-1.307160e-15,-4.573490e+05
3.338430e+06,-1.293920e-15,-4.574320e+05
3.337890e+06,-1.275550e-15,-4.575140e+05
3.337350e+06,-1.266830e-15,-4.575950e+05
3.317440e+06,-7.007660e-16,-4.555010e+05
3.320260e+06,-5.815940e-16,-4.567480e+05
3.321270e+06,3.948770e-16,-4.575870e+05
3.320890e+06,4.811800e-16,-4.576860e+05
3.320530e+06,5.853390e-16,-4.577840e+05
3.320120e+06,6.615130e-16,-4.578820e+05
3.319740e+06,7.221530e-16,-4.579800e+05
3.319340e+06,7.885290e-16,-4.580780e+05
